1748292860;undefined;undefined;undefined;undefined
1748292940;15.06591;4367.55225;2488.2019;4.57771
