1748292860;undefined;undefined;undefined;undefined
1748292940;24.58007;3385.11353;2069.91626;4.20228
