1748292860;undefined;undefined;undefined;undefined;undefined;undefined;undefined;undefined
1748292940;-0.38053;-0.42533;-0.38053;-0.42533;-0.38053;-0.42777;0.02965;-0.00043
1748292960;-0.38053;-0.42533;-0.38053;-0.42533;-0.38053;-0.42777;0.02965;-0.00043
1748292980;-0.38053;-0.42533;-0.38053;-0.42533;-0.38053;-0.42777;0.02965;-0.00043
