1748292860;undefined;undefined
1748292940;-0.02867;-0.00489
