1748292860;undefined;undefined;undefined;undefined;undefined;undefined;undefined;undefined;undefined;undefined;undefined;undefined;undefined
1748292940;301.25244;160.26855;0;142.32788;160.37109;0;217.67212;160.5249;0;142.86621;151.65527;0;221.68213
1748292960;299.96155;160.26855;0;142.32788;160.31982;0;217.67212;160.5249;0;142.86072;151.55273;0;221.68213
1748292980;298.66516;160.21729;0;142.33337;160.47363;0;217.67212;160.5249;0;142.85522;151.65527;0;221.67664
1748293000;297.3468;160.16602;0;142.33337;160.47363;0;217.67212;160.57617;0;142.84973;151.604;0;221.67664
