1748292860;undefined;undefined;undefined;undefined;undefined;undefined;undefined;undefined
1748292940;-0.02867;-0.00489;-0.02867;-0.00489;-0.02867;0.00121;-0.02867;-0.00489
1748292960;-0.02867;-0.00489;-0.02867;-0.00489;-0.02867;0.00121;-0.02867;-0.00489
