1748292860;undefined;undefined;undefined;undefined;undefined;undefined;undefined;undefined;undefined;undefined;undefined;undefined;undefined
1748292940;58.74264;160.26855;0;37.51831;160.37109;0;322.28943;160.06348;0;37.93579;151.70654;0;322.10266
1748292960;60.04452;160.26855;0;37.51282;160.37109;0;322.30042;160.06348;0;37.9303;151.75781;0;322.30042
