1748292860;undefined;undefined;undefined;undefined;undefined;undefined;undefined
1748292940;-120.00234;-39.99849;-80.0011;-59.99774;40.00124;-119.99958;-19.9965
1748292960;-120.00234;-39.99849;-80.0011;-59.99774;40.00124;-119.99958;-19.9965
1748292980;-120.00234;-39.99849;-80.0011;-59.99774;40.00124;-119.99958;-19.9965
1748293000;-120.00234;-39.99849;-80.0011;-59.99774;40.00124;-119.99958;-19.9965
