1748292860;undefined;undefined;undefined;undefined;undefined;undefined;undefined
1748292940;-50.00017;-40.00124;79.98874;30.0023;-79.99698;-120.00096;-50.00429
1748292960;-50.00017;-40.00124;79.98874;30.0023;-79.99698;-120.00096;-50.00429
