1748292860;undefined;undefined;undefined;undefined;undefined;undefined;undefined
1748292940;245.0117;51.99007;-76.9905;-114.99462;-0.00137;0.00137;0.0079
1748292960;245.0117;51.99007;-76.9905;-114.99462;-0.00137;0.00137;0.0079
1748292980;245.0117;51.99007;-76.9905;-114.99462;-0.00137;0.00137;0.0079
1748293000;245.0117;51.99007;-76.9905;-114.99462;-0.00137;0.00137;0.0079
