1748292860;undefined;undefined
1748292940;10786.84766;10147.35938
