1748292860;undefined;undefined
1748292940;743.67126;746.02814
1748292960;743.67126;746.02814
