1748292860;undefined;undefined
1748292940;10786.84766;10147.35938
1748292960;10786.84766;10159.4248
1748292980;10786.84766;10147.35938
1748293000;10786.84766;10159.4248
