1748292860;undefined;undefined
1748292940;745.7251;23.32333
1748292960;745.7251;23.32333
