1748292860;undefined;undefined;undefined;undefined
1748292940;48.47532;76.19674;2.625;17.04407
1748292960;48.47532;76.19674;2.5625;17.04407
1748292980;48.47532;76.19674;2.5625;17.04407
1748293000;48.47532;76.19674;2.625;17.04407
