1748292860;undefined;undefined;undefined
1748292940;165.28091;575.90596;1.65816
