1748292860;undefined;undefined;undefined;undefined
1748292940;52.34097;85.27835;17.29564;9.5625
1748292960;52.34097;85.27835;17.29564;9.5625
1748292980;52.34097;85.27835;17.29564;9.5625
