1748292860;undefined;undefined;undefined;undefined
1748292940;16.91828;78.47376;80.08886;4.5625
