1748292860;undefined;undefined;undefined;undefined
1748292940;16.91828;78.47376;80.08886;4.5625
1748292960;16.91828;78.47376;80.11534;4.5625
1748292980;16.85539;78.47376;80.08886;4.5625
1748293000;16.91828;78.47376;80.11534;4.5625
