1748292860;undefined;undefined;undefined
1748292940;153.93089;580.36915;1.93462
1748292960;153.93089;580.36915;1.93462
