1748292860;undefined;undefined;undefined;undefined
1748292940;0.99757;0.00573;-0.06041;-0.03436
