1748292860;undefined;undefined;undefined;undefined;undefined;undefined
1748292940;-2138.84582;3877.383;5145.41562;-5489.8164;-5113.54217;1565.33255
