1748292860;undefined;undefined;undefined;undefined;undefined;undefined
1748292940;-2138.84582;3877.383;5145.41562;-5489.8164;-5113.54217;1565.33255
1748292960;-2248.08844;3774.13637;5175.40806;-5434.07282;-5210.77231;1433.80733
