1748292860;undefined;undefined;undefined
1748292940;0.00459;-0.06471;0.00058
