1748292860;undefined;undefined;undefined
1748292940;0.00459;-0.06471;0.00058
1748292960;0.00464;-0.06478;0.00056
1748292980;0.00459;-0.06474;0.00051
