1748292860;undefined;undefined
1748292940;-78.166015051923;49.612892114787
