1748292860;undefined;undefined
1748292940;-78.166015051923;49.612892114787
1748292960;-76.335561612103;49.981572648777
1748292980;-74.476949834569;50.31823454274
