1748292860;undefined;undefined;undefined;undefined
1748292940;0.99746;0.00544;-0.06227;-0.03421
