1748292860;undefined;undefined;undefined
1748292940;0.0132;-0.21187;-0.04228
1748292960;0.01331;-0.2121;-0.03923
1748292980;0.01391;-0.21334;-0.03612
1748293000;0.01386;-0.21423;-0.03279
