1748292860;undefined;undefined;undefined
1748292940;0.0132;-0.21187;-0.04228
1748292960;0.01331;-0.2121;-0.03923
