1748292860;undefined;undefined;undefined
1748292940;0.0132;-0.21187;-0.04228
