1748292860;undefined;undefined;undefined
1748292940;-3.98338;-7.11;0.87
1748292960;-3.98363;-7.11;0.88
1748292980;-3.98349;-7.12;0.88
1748293000;-3.98395;-7.12;0.88
