1748292860;undefined;undefined;undefined;undefined
1748292940;0.67236;0.6748;0.50781;0.58447
1748292960;0.67236;0.6748;0.50781;0.58447
1748292980;0.67236;0.6748;0.50781;0.58447
1748293000;0.67236;0.6748;0.50781;0.58447
