1748292860;undefined;undefined
1748292940;748.26043;19522.61272
