1748292860;undefined;undefined;undefined
1748292940;-0.08979;-7.64671;0.60621
