1748292860;undefined;undefined;undefined;undefined;undefined;undefined;undefined;undefined
1748292940;37.74306;36.13282;27.93403;31.09375;38.35938;27.64757;25.45573;27.7691
1748292960;37.74306;36.13282;27.93403;31.09375;38.35938;27.68229;25.45573;27.8125
