1748292860;undefined;undefined
1748292940;748.26043;19522.61272
1748292960;871.68853;19522.61272
1748292980;999.36522;19523.35286
1748293000;1125.70249;19522.61272
