1748292860;undefined;undefined;undefined;undefined
1748292940;0.01071;0.00632;0.00681;0.00681
1748292960;0.01071;0.00632;0.00681;0.00681
1748292980;0.01071;0.00632;0.00681;0.00681
1748293000;0.01071;0.00632;0.00681;0.00681
