1748292860;undefined;undefined;undefined;undefined
1748292940;0.67236;0.6748;0.50781;0.58447
