1748292860;undefined;undefined;undefined
1748292940;-34.55201;-54.79981;287.02
