1748292860;undefined;undefined;undefined
1748292940;-34.55201;-54.79981;287.02
1748292960;-31.97022;-55.31617;287.02
1748292980;-30.65186;-55.39307;287.02
1748293000;-29.86085;-54.71192;287.02
