1748292860;undefined;undefined;undefined;undefined
1748292940;113.025;62.15625;113.325;61.93125
