1748292860;undefined;undefined;undefined;undefined
1748292940;113.025;62.15625;113.325;61.93125
1748292960;113.775;61.59375;114.075;61.3875
1748292980;114.54375;61.06875;114.8625;60.8625
